标题,时间,省份
羽毛球场地垫采购-羽毛球场地垫采购竞价公告,2025-11-02,贵州
羽毛球场地垫采购竞价公告,2025-11-02,贵州
关于电子计算器的合同公告,2025-11-02,江西
关于跳绳的采购项目合同履约验收公告,2025-11-02,安徽
关于羽毛球拍的采购项目合同履约验收公告-2025年11月2日,2025-11-02,贵州
关于各类尺/三角板的合同公告,2025-11-02,江西
关于表的采购项目合同履约验收公告,2025-11-02,安徽
关于其它中小型健身器材的采购项目合同履约验收公告,2025-11-02,安徽
关于乒乓球的合同公告,2025-11-02,安徽
安龙县教育局校财局管核算中心乡镇学校关于橡皮筋的采购项目合同履约验收公告-2025年11月2日,2025-11-02,贵州
亳州市谯城区颜集学区中心学校中学关于跳绳的采购项目合同履约验收公告,2025-11-02,安徽
亳州市谯城区颜集学区中心学校中学关于跳绳的采购项目成交公告,2025-11-02,安徽
关于跳绳的合同公告,2025-11-02,安徽
关于乒乓球的采购项目成交公告,2025-11-02,安徽
关于卡纸的采购项目合同履约验收公告-2025年11月2日,2025-11-02,贵州
江西航空职业技术学院南城实训基地3号地块项目,2025-11-02,四川
江西航空职业技术学院南城实训基地3号地块项目,2025-11-02,四川
诸暨市陶朱中心学校电路创新大赛用的计时器的,2025-11-02,浙江
关于羽毛球的在线询价馆采购项目合同履约验收公告-2025年11月1日,2025-11-01,贵州
关于羽毛球拍的合同公告,2025-11-01,江西
关于游乐场/体育场馆设施的合同公告,2025-11-01,安徽
关于游乐场/体育场馆设施的采购项目成交公告,2025-11-01,安徽
关于其它羽毛球用品的合同公告,2025-11-01,江西
关于羽毛球的采购项目成交公告,2025-11-01,安徽
关于其它防护用品的合同公告,2025-11-01,安徽
关于胶水的合同公告,2025-11-01,江西
关于挂锁的采购项目成交公告,2025-11-01,贵州
关于其它防护用品的采购项目成交公告,2025-11-01,安徽
关于裁判用具的采购项目合同履约验收公告,2025-11-01,安徽
关于羽毛球拍的合同公告,2025-11-01,江西
关于羽毛球的采购项目合同履约验收公告,2025-11-01,安徽
关于教育类的合同公告,2025-11-01,安徽
关于教育类的采购项目成交公告,2025-11-01,安徽
关于羽毛球拍的合同公告,2025-11-01,安徽
关于记事本的合同公告,2025-11-01,江西
关于体育用品等的合同公告,2025-11-01,江西
关于票夹/长尾夹的采购项目合同履约验收公告,2025-11-01,安徽
关于羽毛球拍的采购项目成交公告,2025-11-01,安徽
关于其它中小型健身器材的采购项目合同履约验收公告,2025-11-01,安徽
关于学生用笔记本的合同公告,2025-11-01,安徽
羽毛球场地垫采购-羽毛球场地垫采购竞价公告,2025-11-02,贵州
羽毛球场地垫采购竞价公告,2025-11-02,贵州
关于电子计算器的合同公告,2025-11-02,江西
关于跳绳的采购项目合同履约验收公告,2025-11-02,安徽
关于羽毛球拍的采购项目合同履约验收公告-2025年11月2日,2025-11-02,贵州
关于各类尺/三角板的合同公告,2025-11-02,江西
关于表的采购项目合同履约验收公告,2025-11-02,安徽
关于其它中小型健身器材的采购项目合同履约验收公告,2025-11-02,安徽
关于乒乓球的合同公告,2025-11-02,安徽
安龙县教育局校财局管核算中心乡镇学校关于橡皮筋的采购项目合同履约验收公告-2025年11月2日,2025-11-02,贵州
亳州市谯城区颜集学区中心学校中学关于跳绳的采购项目合同履约验收公告,2025-11-02,安徽
亳州市谯城区颜集学区中心学校中学关于跳绳的采购项目成交公告,2025-11-02,安徽
关于跳绳的合同公告,2025-11-02,安徽
关于乒乓球的采购项目成交公告,2025-11-02,安徽
关于卡纸的采购项目合同履约验收公告-2025年11月2日,2025-11-02,贵州
江西航空职业技术学院南城实训基地3号地块项目,2025-11-02,四川
江西航空职业技术学院南城实训基地3号地块项目,2025-11-02,四川
诸暨市陶朱中心学校电路创新大赛用的计时器的,2025-11-02,浙江
关于羽毛球的在线询价馆采购项目合同履约验收公告-2025年11月1日,2025-11-01,贵州
关于羽毛球拍的合同公告,2025-11-01,江西
关于游乐场/体育场馆设施的合同公告,2025-11-01,安徽
关于游乐场/体育场馆设施的采购项目成交公告,2025-11-01,安徽
关于其它羽毛球用品的合同公告,2025-11-01,江西
关于羽毛球的采购项目成交公告,2025-11-01,安徽
关于其它防护用品的合同公告,2025-11-01,安徽
关于胶水的合同公告,2025-11-01,江西
关于挂锁的采购项目成交公告,2025-11-01,贵州
关于其它防护用品的采购项目成交公告,2025-11-01,安徽
关于裁判用具的采购项目合同履约验收公告,2025-11-01,安徽
关于羽毛球拍的合同公告,2025-11-01,江西
关于羽毛球的采购项目合同履约验收公告,2025-11-01,安徽
关于教育类的合同公告,2025-11-01,安徽
关于教育类的采购项目成交公告,2025-11-01,安徽
关于羽毛球拍的合同公告,2025-11-01,安徽
关于记事本的合同公告,2025-11-01,江西
关于体育用品等的合同公告,2025-11-01,江西
关于票夹/长尾夹的采购项目合同履约验收公告,2025-11-01,安徽
关于羽毛球拍的采购项目成交公告,2025-11-01,安徽
关于其它中小型健身器材的采购项目合同履约验收公告,2025-11-01,安徽
关于学生用笔记本的合同公告,2025-11-01,安徽
关于学生用笔记本的采购项目成交公告,2025-11-01,安徽
市区队站配发文体活动用品项目-合同公告,2025-11-01,河北
辽河油田锦采场馆及车库空气源热泵改造工程劳务作业二次,2025-11-01,辽宁
关于羽毛球拍的合同公告,2025-11-01,安徽
关于颜料等的合同公告,2025-11-01,江西
2025年秋季学期课后服务采购-2025年秋季学期课后服务采购竞价公告,2025-11-01,贵州
关于课业本/教学用本的采购项目合同履约验收公告-2025年11月1日,2025-11-01,贵州
关于羽毛球的在线询价馆采购项目合同履约验收公告-2025年11月1日,2025-11-01,贵州
2025年秋季学期课后服务采购竞价公告,2025-11-01,贵州
关于羽毛球拍的合同公告,2025-11-01,江西
关于羽毛球等活动用品的合同公告,2025-11-01,江西
关于数码电池/充电器的采购项目合同履约验收公告,2025-11-01,安徽
关于其它中小型健身器材的合同公告,2025-11-01,安徽
石家庄市第四十三中学石家庄外国语学校太平河校区53#地块项目教学仪器设备材料采购,2025-11-01,河北
石家庄市第四十三中学石家庄外国语学校太平河校区92#地块项目教学仪器设备材料采购,2025-11-01,河北
关于其它中小型健身器材的采购项目成交公告,2025-11-01,安徽
关于羽毛球拍的反向竞价馆采购项目合同履约验收公告-2025年11月1日,2025-11-01,贵州
关于瑜伽装备的合同公告,2025-11-01,江西
关于其它羽毛球用品的合同公告,2025-11-01,江西
关于裁判用具的采购项目合同履约验收公告,2025-11-01,安徽
安龙县教育局校财局管核算中心乡镇学校关于学生用笔记本的采购项目成交公告,2025-11-01,贵州
体育馆照明系统检修更换服务合同公告,2025-11-01,陕西
霞山区全民健身设施建设项目-项目办理结果公示,2025-11-01,广东
江西航空职业技术学院南城实训基地3号地块项目,2025-11-01,四川
北京师范大学云浮实验学校初中校区,2025-11-01,广东
2025第五届“巴山蜀水运动川渝”体育旅游休闲消费季重庆·两江站暨两江新区第二届文体旅商消费季整合推广项目,2025-11-01,重庆
暨南大学番禺校区二期工程,2025-11-01,广东
华东理工大学徐汇校区智能传感与仪器研究院装修项目,2025-11-01,上海
暨南大学番禺校区二期工程,2025-11-01,广东
暨南大学番禺校区二期工程,2025-11-01,广东
区体校2025年学校教学、训练、生活环境改善提升项目,2025-11-01,西藏
海口市高级技工学校学生公寓楼A栋项目,2025-11-01,海南
北京师范大学云浮实验学校初中校区-/,2025-11-01,广东
关于羽毛球网、吹嘴等的合同公告,2025-10-31,江西
金银湖CBD体育公园勘察设计施工总承包项目金银湖CBD体育公园勘察设计施工总承包项目中标结果公告,2025-10-31,湖北
2025年安徽省“体校校长杯”青少年羽毛球比赛竞争性磋商公告-采购/资审公告,2025-10-31,安徽
新站高新区卧龙路小学项目施工总承包招标公告评定分离-招标/资审公告,2025-10-31,安徽
球类中心加盖顶棚项目设计与造价咨询服务二次竞争性谈判公告,2025-10-31,湖北
综合用品采购-综合用品采购竞价公告,2025-10-31,贵州
简上体育综合体体育培训项目游泳培训,2025-10-31,广东
中小学及幼儿园设备采购招标公告-采购/资审公告,2025-10-31,黑龙江
关于羽毛球拍的合同公告,2025-10-31,江西
攀枝花市西区全民健身中心健身器材采购项目询价公告-采购/资审公告,2025-10-31,四川
关于羽毛球的合同公告,2025-10-31,江西
综合用品采购竞价公告,2025-10-31,贵州
关于为运动场二期配套工程项目施工图设计服务公开选取机构的公告,2025-10-31,重庆
悬浮地板铺设项目招标公告,2025-10-31,甘肃
标的1：湘潭市岳塘区燕雀巷羽毛球馆5年租赁权,2025-10-31,上海
关于矿泉水/纯净水的合同公告,2025-10-31,江西
关于课业本/教学用本的合同公告,2025-10-31,江西
关于矿泉水/纯净水的合同公告,2025-10-31,江西
关于其它油墨的合同公告,2025-10-31,江西
关于其它中小型健身器材的采购项目合同履约验收公告-2025年10月31日,2025-10-31,贵州
关于游乐场/体育场馆设施的合同公告,2025-10-31,安徽
中国石油天然气股份有限公司加油气站安全咨询服务项目项目公告,2025-10-31,甘肃
中国石油甘肃销售公司加油气站现金款包运送业务投保现金险项目二次项目公告,2025-10-31,甘肃
十团采购室外双打标准羽毛球场1个-,2025-10-31,新疆
2026年购买物业服务,2025-10-31,福建
罗城仫佬族自治县第二高级中学新校区整体迁建项目-勘察服务项目勘察招标公告-招标/资审公告,2025-10-31,广西
霞山区全民健身设施建设项目,2025-10-31,广东
关于横州市2024年第二批自治区大中型水库库区基金项目-新福镇丕地村委会木普村美丽移民示范村建设项目的竞争性磋商公告-采购/资审公告,2025-10-31,广西
年度横琴青少年业余体育学校运营采购项目招标公告-采购/资审公告,2025-10-31,广东
关于游乐场/体育场馆设施的采购项目成交公告,2025-10-31,安徽
关于其它攀岩用品的合同公告,2025-10-31,江西
2025年陕西省羽毛球协会青少年冠军赛采购实行单一来源采购方式的公示,2025-10-31,陕西
翠屏区中小学体育学科仪器和实验室仪器柜建设项目二次招标公告-采购/资审公告,2025-10-31,四川
若羌县GAJ健身器材及医疗设备采购项目公开招标公告,2025-10-31,新疆
2025年天王杯羽毛球公开赛竞赛服务公告,2025-10-31,湖南
湖南省拍卖行有限责任公司：2025年11月7日湘潭市岳塘区一处物业5年租赁权拍卖公告,2025-10-31,上海
关于笔袋的采购项目成交公告,2025-10-31,安徽
重庆大学虎溪校区体育中心羽毛球馆场地改造中标结果公告,2025-10-31,重庆
关于南位路、胜利大街铁路拆除后新建体育公园道路工程清单拦标价审核比选公告,2025-10-31,河北
2025深圳市“一键预约杯”羽毛球赛事委托承办服务项目的采购结果公告,2025-10-31,广东
关于2025新昌林丹杯羽毛球公开赛服务项目的公开招标公告,2025-10-31,浙江
中国民生银行股份有限公司非凡运动权益采购项目变更公告,2025-10-31,湖南
运动表现测评及调控实验室运动训练过程科学化调控采购项目项目编号公开招标公告-否,2025-10-31,天津
襄垣县2025年市民广场体育场综合管理服务项目合同公告,2025-10-31,山西
华南师范大学附属中学修缮工程成交公告,2025-10-31,广东
武鸣校区南门运动场工程施工图设计项目询价采购公告,2025-10-31,广西
武鸣校区南门运动场工程施工图预算审核项目询价公告,2025-10-31,广西
关于体育用品采购的合同公告,2025-10-31,江西
关于羽毛球拍的合同公告,2025-10-31,江西
关于排球的合同公告,2025-10-31,江西
关于修正液/修正带/修正贴的合同公告,2025-10-31,江西
物业管理服务项目A招标公告,2025-10-31,广东
公开招标晋中市2025年体育公园配套体育设施项目结果公告,2025-10-31,山西
合肥八中2025秋季学期体育教学活动耗材采购询价,2025-10-31,安徽
可见分光光度计等4项固定资产的采购公告,2025-10-31,甘肃
2025年全市残疾青少年选拔训练二次竞争性磋商公告,2025-10-31,四川
办公用品网上商城超市直购成交结果公告,2025-10-31,山东
2025年安徽省“体校校长杯”青少年羽毛球比赛-项目登记,2025-10-31,安徽
关于萨马兰奇体育发展基金会合作项目—奥林匹克推广活动项目的履约验收公告,2025-10-31,浙江
2025年第72期外租羽毛球活动场地开标通知,2025-10-31,广东
鄂托克前旗全民健身乒羽馆、全民健身活动场地及全民健身中心物业服务合同政府采购合同公告,2025-10-31,内蒙古
永安镇“三为”聚焦民生福祉持续提升,2025-10-31,四川
2025新昌林丹杯羽毛球公开赛服务项目招标公告,2025-10-31,浙江
永辉旁B地块自营储备地建设经营性停车场项目公开选取多测合一3规划核实测量、不动产测绘等单位,2025-10-31,福建
关于办公用品的合同公告,2025-10-31,江西
关于羽毛球拍的采购项目合同履约验收公告-2025年10月31日,2025-10-31,贵州
关于其它羽毛球用品的合同公告,2025-10-31,江西
关于哨子的合同公告,2025-10-31,江西
关于其它球类项目用品的合同公告,2025-10-31,江西
城南校区音体美等教学设备采购二次中标成交结果公告,2025-10-31,四川
关于地垫的合同公告,2025-10-31,江西
关于体育，益智用品的合同公告,2025-10-31,江西
关于裁判用具的合同公告,2025-10-31,江西
攀枝花市西区全民健身中心健身器材采购项目询价公告,2025-10-31,四川
办公用房整治及羽毛球场建设询价采购公告,2025-10-31,湖北
潮州市西湖后广场人防工程和全民健身广场改造项目工程结算审核服务-采购公告,2025-10-31,广东
关于2025年设施设备采购B包的更正公告,2025-10-31,贵州
富春路80号杭州全民健身中心A楼5楼羽毛球馆内部分房屋5年租赁权,2025-10-31,浙江
武鸣校区南门运动场工程施工图设计文件审查项目询价公告,2025-10-31,广西
2025年设施设备采购B包第一次变更公告,2025-10-31,贵州
关于篮球的采购项目成交公告,2025-10-31,贵州
吉安市阳明中学室内篮球馆建设项目竞争性谈判结果公示,2025-10-31,江西
广州市番禺区石碁第四中学修缮工程成交公告,2025-10-31,广东
关于体育用品的合同公告,2025-10-31,安徽
建设篮球场及羽毛球场围栏项目竞争性磋商公告,2025-10-31,宁夏
关于乒乓球拍的合同公告,2025-10-31,安徽
关于乒乓球的合同公告,2025-10-31,安徽
市体校运动员、教练员服装公开招标采购公告,2025-10-31,山东
合阳中学教学用羽毛球智能发球器、乒乓球智能发球器采购竞采公告,2025-10-31,重庆
2025年图书采购项目成交公告,2025-10-31,甘肃
广德市疾病预防控制中心市卫生监督所关于羽毛球拍的采购项目合同履约验收公告,2025-10-31,安徽
广德市疾病预防控制中心市卫生监督所关于羽毛球拍的采购项目合同履约验收公告,2025-10-31,安徽
新站高新区卧龙路小学项目施工总承包招标公告评定分离,2025-10-31,安徽
中小学及幼儿园设备采购招标公告,2025-10-31,黑龙江
采购拔河绳、羽毛球及租赁比赛服装的询价公告,2025-10-31,内蒙古
夹江县义务教育学校实验室及教学仪器设备招标公告,2025-10-31,四川
乌江学院物业管理服务合同公告,2025-10-31,贵州
2025年10月份泉州市石狮生态环境局审批情况,2025-10-31,福建
2025年全民健身示范社区、全民健身园区及全民健身惠民工程项目中标成交结果公告,2025-10-31,陕西
关于临平体育公园运营管理项目的临采云电子招投标公开招标公告,2025-10-31,浙江
虎溪校区体育中心羽毛球馆场地改造的中标结果公示,2025-10-31,重庆
年度横琴青少年业余体育学校运营采购项目招标公告,2025-10-31,广东
2025年二工文体站火车头体育馆篮球场地、羽毛球场地租赁招商项目,2025-10-31,新疆
关于洒水设备/喷水壶/浇水壶的合同公告,2025-10-31,江西
2025年安徽省“体校校长杯”青少年羽毛球比赛竞争性磋商公告,2025-10-31,安徽
关于乒乓球的采购项目成交公告,2025-10-31,安徽
东临新区岗上积镇中学室外球场篮球、羽毛球、乒乓球建设工程结算审计-工程造价咨询,2025-10-31,江西
中电熊猫东莞产业园室外羽毛球场翻新项目项目公告,2025-10-31,广东
2026年购买物业服务竞争性谈判公告,2025-10-31,福建
2025年无锡市体育消费券活动新增定点场馆公示,2025-10-31,江苏
关于毽子的合同公告,2025-10-31,安徽
东莞市体育中心东莞市羽毛球运动中心东莞市体育中心东莞市羽毛球运动中心修缮工程电子卖场合同的合同公告,2025-10-31,广东
宁夏行政学院后勤服务管理团队采购项目.中标公告,2025-10-31,宁夏
教育教学设备采购项目中标结果公告,2025-10-31,吉林
2025年都江堰市中小学生羽毛球比赛暨都江堰市代表队选拔赛项目中选候选人公示,2025-10-31,四川
罗城仫佬族自治县第二高级中学新校区整体迁建项目-勘察服务项目勘察招标公告,2025-10-31,广西
南昌市体育运动学校新校区项目一期招标计划公告,2025-10-31,江西
跳绳中标结果,2025-10-31,江西
校园改造提升东校区文体中心健身器材采购项目采购更正公告第一次,2025-10-31,四川
关于毽子的采购项目成交公告,2025-10-31,安徽
关于游乐场/体育场馆设施的采购项目合同履约验收公告,2025-10-31,安徽
关于游乐场/体育场馆设施的采购项目合同履约验收公告,2025-10-31,安徽
关于羽毛球网的采购项目成交公告,2025-10-31,贵州
世纪体育购买器材项目招标公告,2025-10-31,山东
机器管招投标海南省技师学院体育馆项目,2025-10-31,海南
关于毛巾/面巾/方巾的合同公告,2025-10-31,安徽
机器管招投标海南省技师学院体育馆项目,2025-10-31,海南
慈城新城群众体育设施建设项目比选结果公告,2025-10-31,浙江
关于采购康复相关物品及手工制作材料的合同公告,2025-10-31,安徽
东莞市体育中心东莞市羽毛球运动中心东莞市体育中心东莞市羽毛球运动中心修缮工程电子卖场合同的合同公告,2025-10-31,广东
关于练字帖/练字板的合同公告,2025-10-31,江西
关于体育消耗品的合同公告,2025-10-31,江西
关于文化、体育用品和器材批发服务的服务工程合同公告,2025-10-31,江西
关于羽毛球拍的合同公告,2025-10-31,江西
关于各类尺/三角板的采购项目成交公告,2025-10-31,贵州
南安市王文教羽毛球馆项目施工监理的中标结果公告,2025-10-31,福建
关于毛巾/面巾/方巾的采购项目成交公告,2025-10-31,安徽
高速公路一支队业务技术用房室内外健身器械购置招标公告,2025-10-31,四川
羽毛球、乒乓球比赛奖品采购项目询价公告,2025-10-31,内蒙古
关于乒乓球拍的采购项目成交公告,2025-10-31,安徽
江湾金茂府项目求婚+羽毛球活动+景观论坛+誓师大会活动采购公告,2025-10-31,上海
课后服务社团采购竞价公告,2025-10-31,贵州
定制运动服一批竞价公告,2025-10-31,贵州
如意湖体育公园全民健身活动中心建设项目设计招标文件,2025-10-31,安徽
关于羽毛球拍的合同公告,2025-10-31,安徽
青云谱校区实训楼、下罗校区羽毛球场危房检测-中选结果,2025-10-31,江西
关于举重用哑铃的合同公告,2025-10-31,江西
关于羽毛球网和灭蚊灯的合同公告,2025-10-31,江西
课后服务社团采购-课后服务社团采购竞价公告,2025-10-31,贵州
定制运动服一批-定制运动服一批竞价公告,2025-10-31,贵州
中国羽毛球协会关于世界羽联世界巡回赛申办城市公开征集结果的通告,2025-10-31,广东
关于羽毛球的采购项目合同履约验收公告-2025年10月31日,2025-10-31,贵州
关于羽毛球拍的采购项目合同履约验收公告-2025年10月31日,2025-10-31,贵州
关于篮球的采购项目成交公告,2025-10-31,安徽
关于羽毛球拍的采购项目终止公告,2025-10-31,安徽
关于羽毛球拍的采购项目成交公告,2025-10-31,安徽
康乐县流川初中学校零星维修招标公告,2025-10-31,甘肃
关于洁厕剂的合同公告,2025-10-31,江西
梁水镇张樊小学办公用品采购网上商城超市直购成交结果公告,2025-10-31,山东
党武街道智汇社区综合文化服务中心物品采购-党武街道智汇社区综合文化服务中心物品采购竞价公告,2025-10-31,贵州
党武街道智汇社区综合文化服务中心物品采购竞价公告,2025-10-31,贵州
关于篮球的在线询价馆采购项目合同履约验收公告-2025年10月31日,2025-10-31,贵州
关于挂钩/粘钩的采购项目合同履约验收公告-2025年10月31日,2025-10-31,贵州
“三中心”建设项目综合楼、后勤楼、体检中心办公家具和办公设备及配套设施采购项目公开招标的更正公告,2025-10-31,山西
关于叠彩区2025年第一批农村义务教育校舍安全保障建设项目竞争性磋商公告,2025-10-31,广西
2025年10月政府采购意向,2025-10-31,广西
同心挥拍聚合力携手并进勇争先”第三届“同心杯”全省统一战线羽毛球、乒乓球比赛综合服务采购项目结果公告,2025-10-31,福建
关于足球的合同公告,2025-10-31,安徽
教学办公用品采购项目-教学办公用品采购项目竞价公告,2025-10-31,贵州
教学办公用品采购项目竞价公告,2025-10-31,贵州
关于排球网/球柱的采购项目成交公告,2025-10-31,安徽
关于卷尺的合同公告,2025-10-31,江西
关于其它羽毛球用品的合同公告,2025-10-31,江西
关于胶装本的采购项目成交公告,2025-10-31,贵州
经开区海棠小学2025年秋季课后服务文化体育用品招标公告,2025-10-31,江西
关于游乐场/体育场馆设施的合同公告,2025-10-31,安徽
经开区海棠小学2025年秋季课后服务文化体育用品招标公告,2025-10-31,江西
2025年安徽省“体校校长杯”青少年羽毛球比赛-项目登记,2025-10-31,安徽
关于横州市2024年第二批自治区大中型水库库区基金项目-新福镇丕地村委会木普村美丽移民示范村建设项目的竞争性磋商公告,2025-10-31,广西
“羽毛球兴趣小组活动用球采购”询价采购结果公示,2025-10-31,广东
南安市王文教羽毛球馆项目施工监理中标结果公示,2025-10-31,福建
关于其他的采购项目合同履约验收公告,2025-10-31,安徽
实体店业务管理系统运营维护服务项目_第1包项目编号合同公告,2025-10-31,天津
东莞市体育中心东莞市羽毛球运动中心东莞市体育中心东莞市羽毛球运动中心修缮工程电子卖场合同的合同公告,2025-10-31,广东
关于羽毛球拍的合同公告,2025-10-31,江西
羽毛球拍中标结果,2025-10-31,江西
关于足球的采购项目合同履约验收公告-2025年10月31日,2025-10-31,贵州
羽毛球馆整修项目25更正公告第1包,2025-10-31,跨省
关于中小型健身器材配件的采购项目合同履约验收公告,2025-10-31,安徽
赣州经济技术开发区文化艺术中心六馆一中心二次深化装修项目可行性研究报告评审,2025-10-31,江西
羽毛球馆网架屋面更换项目二次中标结果公告,2025-10-31,安徽
关于羽毛球拍的采购项目成交公告,2025-10-31,安徽
万科城小学体育器材一批招标公告,2025-10-31,江西
关于教学仪器的合同公告,2025-10-31,安徽
广东仲元中学修缮工程成交公告,2025-10-31,广东
关于维克多羽毛球架的合同公告,2025-10-31,安徽
关于握笔器的合同公告,2025-10-31,安徽
2025年健身器材采购招标公告,2025-10-31,四川
广东省国防科技技师学院广东省技工教育师资培训学院修缮工程成交公告,2025-10-31,广东
河源市生态环境局连平分局建设项目环境影响报告表受理公告,2025-10-31,广东
关于其它足球用品的合同公告,2025-10-31,江西
关于羽毛球的合同公告,2025-10-31,江西
裁判用具中标结果,2025-10-31,江西
万科城小学体育器材一批招标公告,2025-10-31,江西
关于握笔器的采购项目成交公告,2025-10-31,安徽
关于乒乓球拍的反向竞价馆采购项目合同履约验收公告-2025年10月31日,2025-10-31,贵州
乐山一中体育训练器材采购项目公开比价公告,2025-10-31,四川
德江县第十一小学教育教学设施设备采购项目二次需求公示,2025-10-31,贵州
2025年公务车维修-合同公告,2025-10-31,山东
东莞市消防救援支队塘厦大队修缮工程采购公告,2025-10-31,广东
关于羽毛球拍的采购项目成交公告,2025-10-31,贵州
关于羽毛球的采购项目成交公告,2025-10-31,贵州
羽毛球拍中标结果,2025-10-31,江西
如皋市文定高中2025年度下学年-2026年度上学年教育教学服务体育类二次,2025-10-31,江苏
购买第二届羽毛球比赛用球竞价公告,2025-10-31,山西
阜阳市颍州区教育局四所学校教育装备采购及安装项目采购需求征集公告,2025-10-31,安徽
关于学生用笔记本的采购项目合同履约验收公告,2025-10-31,安徽
东莞市望牛墩镇临港体育楼五楼及部分设备夹层场地出租-挂牌披露,2025-10-31,广东
关于2026年省级羽毛球赛事体彩公益宣传项目中标成交结果公告,2025-10-31,浙江
关于海绵垫/布料/面料/手工diy的合同公告,2025-10-31,安徽
长沙市公安局高新区分局机关及两所一队物业服务续签合同合同公告,2025-10-31,湖南
修缮工程电子卖场合同的合同公告,2025-10-31,广东
课后服务体育器材招标公告,2025-10-31,江西
场地及设施出新项目招标公告,2025-10-31,江苏
青开四中参加青岛市羽毛球比赛-验收公开,2025-10-31,山东
五子棋中标结果,2025-10-31,江西
关于擦窗器的合同公告,2025-10-31,江西
关于座钟的合同公告,2025-10-31,江西
关于羽毛球拍的合同公告,2025-10-31,江西
2025年公务车维修公示-合同公开,2025-10-31,山东
2025年公务车维修公示-合同公开,2025-10-31,山东
羽毛球拍网上商城超市直购成交结果公告,2025-10-31,山东
体育器材采购竞价成交公告,2025-10-31,贵州
北流市隆盛镇第二初级中学运动场合同公告,2025-10-31,广西
横峰县司铺乡健身运动场所提升改造项目,2025-10-31,江西
关于排球网/球柱的采购项目合同履约验收公告,2025-10-31,安徽
陕西公司定边新能源新庄风场健康小屋物资询价采购,2025-10-31,陕西
课后服务体育器材招标公告,2025-10-31,江西
物业管理服务电子卖场合同的合同公告,2025-10-31,广东
东莞市羽毛球运动中心东莞市羽毛球运动中心办公家具定制化服务电子卖场合同的合同公告,2025-10-31,广东
羽毛球馆整修项目25招标公告,2025-10-31,辽宁
关于篮球的合同公告,2025-10-31,江西
关于裁判用具的合同公告,2025-10-31,江西
关于羽毛球的合同公告,2025-10-31,江西
关于文化创意杯子的合同公告,2025-10-31,江西
开江县甘棠镇全民健身中心项目中标成交结果公告,2025-10-31,四川
南漳县2025公办幼儿园购置设备玩教具项目二次中标成交公告,2025-10-31,湖北
